area_code,city,state_code
201,Bayonne,NJ
201,Bergenfield,NJ
201,Cliffside Park,NJ
201,Englewood,NJ
201,Fair Lawn,NJ
201,Fort Lee,NJ
201,Hackensack,NJ
201,Hoboken,NJ
201,Jersey City,NJ
201,Kearny,NJ
201,North Bergen,NJ
201,Paramus,NJ
201,Ridgewood,NJ
201,Teaneck,NJ
201,Union City,NJ
201,West New York,NJ
202,Washington,DC
203,Bridgeport,CT
203,Danbury,CT
203,East Haven,CT
203,Meriden,CT
203,Milford,CT
203,Naugatuck,CT
203,New Haven,CT
203,North Haven,CT
203,Norwalk,CT
203,Shelton,CT
203,Stamford,CT
203,Stratford,CT
203,Trumbull,CT
203,Waterbury,CT
203,West Haven,CT
203,Westport,CT
205,Alabaster,AL
205,Bessemer,AL
205,Birmingham,AL
205,Center Point,AL
205,Homewood,AL
205,Hoover,AL
205,Mountain Brook,AL
205,Tuscaloosa,AL
205,Vestavia Hills,AL
206,Bainbridge Island,WA
206,Burien,WA
206,Des Moines,WA
206,Mercer Island,WA
206,Seattle,WA
206,Shoreline,WA
206,White Center,WA
207,Auburn,ME
207,Augusta,ME
207,Bangor,ME
207,Biddeford,ME
207,Brunswick,ME
207,Lewiston,ME
207,South Portland,ME
208,Boise,ID
208,Caldwell,ID
208,Coeur d'Alene,ID
208,Idaho Falls,ID
208,Lewiston,ID
208,Meridian,ID
208,Moscow,ID
208,Nampa,ID
208,Pocatello,ID
208,Twin Falls,ID
209,Atwater,CA
209,Ceres,CA
209,Lodi,CA
209,Los Banos,CA
209,Manteca,CA
209,Merced,CA
209,West Modesto,CA
209,Stockton,CA
209,Tracy,CA
209,Turlock,CA
210,San Antonio,TX
212,New York City,NY
213,Los Angeles,CA
214,Allen,TX
214,Arlington,TX
214,Carrollton,TX
214,Cedar Hill,TX
214,Coppell,TX
214,Dallas,TX
214,DeSoto,TX
214,Duncanville,TX
214,Farmers Branch,TX
214,Flower Mound,TX
214,Frisco,TX
214,Garland,TX
214,Grand Prairie,TX
214,Irving,TX
214,Lancaster,TX
214,Lewisville,TX
214,McKinney,TX
214,Mesquite,TX
214,Plano,TX
214,Richardson,TX
214,Rowlett,TX
214,The Colony,TX
214,University Park,TX
214,Waxahachie,TX
215,Levittown,PA
215,Philadelphia,PA
216,Brook Park,OH
216,East Cleveland,OH
216,Cleveland Heights,OH
216,South Euclid,OH
216,Garfield Heights,OH
216,Lakewood,OH
216,Maple Heights,OH
216,Parma,OH
216,Shaker Heights,OH
217,Champaign,IL
217,Charleston,IL
217,Danville,IL
217,Decatur,IL
217,Quincy,IL
217,Springfield,IL
217,Urbana,IL
218,Andover,MN
218,Duluth,MN
218,Moorhead,MN
219,East Chicago,IN
219,Gary,IN
219,Hammond,IN
219,Highland,IN
219,Hobart,IN
219,LaPorte,IN
219,Merrillville,IN
219,Michigan City,IN
219,Munster,IN
219,Portage,IN
219,Schererville,IN
219,Valparaiso,IN
220,Athens,OH
220,Chillicothe,OH
220,Delaware,OH
220,Lancaster,OH
220,Marion,OH
220,Newark,OH
220,Portsmouth,OH
220,Zanesville,OH
224,Algonquin,IL
224,Arlington Heights,IL
224,Buffalo Grove,IL
224,Carpentersville,IL
224,Des Plaines,IL
224,South Elgin,IL
224,Elk Grove Village,IL
224,Evanston,IL
224,Glenview,IL
224,Gurnee,IL
224,Highland Park,IL
224,Hoffman Estates,IL
224,Lake Forest,IL
224,Lake in the Hills,IL
224,Libertyville,IL
224,Morton Grove,IL
224,Mount Prospect,IL
224,Mundelein,IL
224,Niles,IL
224,North Chicago,IL
224,Northbrook,IL
224,Palatine,IL
224,Park Ridge,IL
224,Rolling Meadows,IL
224,Round Lake Beach,IL
224,Schaumburg,IL
224,Skokie,IL
224,Vernon Hills,IL
224,Waukegan,IL
224,Wheeling,IL
224,Wilmette,IL
224,Zion,IL
225,Baton Rouge,LA
228,Biloxi,MS
228,West Gulfport,MS
228,Pascagoula,MS
229,Albany,GA
229,Valdosta,GA
231,Muskegon,MI
231,Norton Shores,MI
231,Shelby,MI
234,Akron,OH
234,Alliance,OH
234,Austintown,OH
234,Barberton,OH
234,Boardman,OH
234,Brunswick,OH
234,North Canton,OH
234,Cuyahoga Falls,OH
234,Green,OH
234,Hudson,OH
234,Kent,OH
234,Massillon,OH
234,Medina,OH
234,Niles,OH
234,Stow,OH
234,Warren,OH
234,Wooster,OH
234,Youngstown,OH
239,Bonita Springs,FL
239,Cape Coral,FL
239,North Fort Myers,FL
239,Golden Gate,FL
239,Lehigh Acres,FL
239,Naples,FL
240,Aspen Hill,MD
240,North Bethesda,MD
240,Bowie,MD
240,Chillum,MD
240,Clinton,MD
240,College Park,MD
240,Cumberland,MD
240,Fairland,MD
240,Fort Washington,MD
240,Frederick,MD
240,Gaithersburg,MD
240,Germantown,MD
240,Greenbelt,MD
240,Hagerstown,MD
240,Landover,MD
240,Montgomery Village,MD
240,South Laurel,MD
240,North Potomac,MD
240,Olney,MD
240,Potomac,MD
240,Rockville,MD
240,Silver Spring,MD
240,Saint Charles,MD
240,Suitland,MD
240,Waldorf,MD
240,White Oak,MD
248,West Bloomfield Township,MI
248,Farmington Hills,MI
248,Ferndale,MI
248,Madison Heights,MI
248,Novi,MI
248,Oak Park,MI
248,Pontiac,MI
248,Rochester Hills,MI
248,Royal Oak,MI
248,Southfield,MI
248,Troy,MI
248,Waterford,MI
251,Mobile,AL
251,Prichard,AL
252,Greenville,NC
252,Havelock,NC
252,Kinston,NC
252,New Bern,NC
252,Rocky Mount,NC
252,Wilson,NC
253,Auburn,WA
253,East Hill-Meridian,WA
253,Federal Way,WA
253,Lakewood,WA
253,Parkland,WA
253,Puyallup,WA
253,South Hill,WA
253,Spanaway,WA
253,Tacoma,WA
253,University Place,WA
254,Copperas Cove,TX
254,Fort Hood,TX
254,Killeen,TX
254,Temple,TX
254,Waco,TX
256,Anniston,AL
256,Decatur,AL
256,Florence,AL
256,Gadsden,AL
256,Huntsville,AL
256,Madison,AL
260,Fort Wayne,IN
262,Brookfield,WI
262,Caledonia,WI
262,Kenosha,WI
262,Menomonee Falls,WI
262,Mequon,WI
262,Muskego,WI
262,New Berlin,WI
262,Racine,WI
262,Waukesha,WI
262,West Bend,WI
267,Levittown,PA
267,Philadelphia,PA
269,Battle Creek,MI
269,Kalamazoo,MI
269,Portage,MI
270,Bowling Green,KY
270,Elizabethtown,KY
270,Henderson,KY
270,Hopkinsville,KY
270,Owensboro,KY
270,Paducah,KY
270,Radcliff,KY
272,Back Mountain,PA
272,Hazleton,PA
272,Scranton,PA
272,Wilkes-Barre,PA
272,Williamsport,PA
276,Richmond,VA
281,Alvin,TX
281,Atascocita,TX
281,Baytown,TX
281,Channelview,TX
281,Cloverleaf,TX
281,Deer Park,TX
281,Friendswood,TX
281,South Houston,TX
281,La Porte,TX
281,League City,TX
281,Mission Bend,TX
281,Missouri City,TX
281,Pasadena,TX
281,Pearland,TX
281,Rosenberg,TX
281,Spring,TX
281,Sugar Land,TX
281,The Woodlands,TX
301,Aspen Hill,MD
301,North Bethesda,MD
301,Bowie,MD
301,Chillum,MD
301,Clinton,MD
301,College Park,MD
301,Cumberland,MD
301,Fairland,MD
301,Fort Washington,MD
301,Frederick,MD
301,Gaithersburg,MD
301,Germantown,MD
301,Greenbelt,MD
301,Hagerstown,MD
301,Landover,MD
301,Montgomery Village,MD
301,South Laurel,MD
301,North Potomac,MD
301,Olney,MD
301,Potomac,MD
301,Rockville,MD
301,Silver Spring,MD
301,Saint Charles,MD
301,Suitland,MD
301,Waldorf,MD
301,White Oak,MD
302,Dover,DE
302,Newark,DE
302,Wilmington,DE
303,Arvada,CO
303,Aurora,CO
303,Boulder,CO
303,Brighton,CO
303,Broomfield,CO
303,Castle Rock,CO
303,Castlewood,CO
303,Columbine,CO
303,Commerce City,CO
303,Denver,CO
303,Englewood,CO
303,Highlands Ranch,CO
303,Ken Caryl,CO
303,Lafayette,CO
303,Lakewood,CO
303,Littleton,CO
303,Longmont,CO
303,Loveland,CO
303,Northglenn,CO
303,Parker,CO
303,Southglenn,CO
303,Thornton,CO
303,Westminster,CO
303,Wheat Ridge,CO
304,South Charleston,WV
304,Huntington,WV
304,Morgantown,WV
304,Parkersburg,WV
304,Weirton,WV
304,Wheeling,WV
305,Aventura,FL
305,Carol City,FL
305,Coral Gables,FL
305,Coral Terrace,FL
305,Country Club,FL
305,Cutler Ridge,FL
305,Doral,FL
305,Golden Glades,FL
305,Hialeah,FL
305,Homestead,FL
305,Kendale Lakes,FL
305,Kendall West,FL
305,Key West,FL
305,Leisure City,FL
305,West Miami,FL
305,North Miami Beach,FL
305,Miami Lakes,FL
305,Miramar,FL
305,Norland,FL
305,North Miami,FL
305,Richmond West,FL
305,Richmond Heights,FL
305,South Miami Heights,FL
305,Tamiami,FL
305,West Little River,FL
305,Westchester,FL
307,Casper,WY
307,Cheyenne,WY
307,Gillette,WY
307,Laramie,WY
308,Grand Island,NE
308,Kearney,NE
308,North Platte,NE
309,Bloomington,IL
309,East Moline,IL
309,East Peoria,IL
309,Galesburg,IL
309,Moline,IL
309,Normal,IL
309,Pekin,IL
309,Peoria,IL
309,Rock Island,IL
310,Beverly Hills,CA
310,West Carson,CA
310,Culver City,CA
310,Gardena,CA
310,Hawthorne,CA
310,Inglewood,CA
310,Lawndale,CA
310,Lennox,CA
310,Lomita,CA
310,Lynwood,CA
310,Manhattan Beach,CA
310,Rancho Palos Verdes,CA
310,Redondo Beach,CA
310,Santa Monica,CA
310,Torrance,CA
312,West Chicago,IL
313,Allen Park,MI
313,Dearborn,MI
313,Dearborn Heights,MI
313,Detroit,MI
313,Hamtramck,MI
313,Inkster,MI
313,Lincoln Park,MI
313,Redford,MI
313,Taylor,MI
314,Kirkwood,MO
314,Maryland Heights,MO
314,Mehlville,MO
314,Oakville,MO
314,Spanish Lake,MO
314,St. Louis,MO
314,University City,MO
314,Webster Groves,MO
314,Affton,MO
314,Ferguson,MO
314,Florissant,MO
314,Hazelwood,MO
315,Auburn,NY
315,Rome,NY
315,Syracuse,NY
315,Utica,NY
315,Watertown,NY
316,Wichita,KS
317,Carmel,IN
317,Fishers,IN
317,Greenwood,IN
317,Indianapolis,IN
317,Lawrence,IN
317,Noblesville,IN
318,Alexandria,LA
318,Bossier City,LA
318,West Monroe,LA
318,Ruston,LA
318,Shreveport,LA
319,Burlington,IA
319,Cedar Falls,IA
319,Cedar Rapids,IA
319,Iowa City,IA
319,Marion,IA
319,Waterloo,IA
320,Saint Cloud,MN
321,Altamonte Springs,FL
321,South Apopka,FL
321,Casselberry,FL
321,Kissimmee,FL
321,West Melbourne,FL
321,Merritt Island,FL
321,Oak Ridge,FL
321,Ocoee,FL
321,Orlando,FL
321,Oviedo,FL
321,Palm Bay,FL
321,Pine Hills,FL
321,Rockledge,FL
321,Sanford,FL
321,Saint Cloud,FL
321,Titusville,FL
321,University Park,FL
321,Wekiwa Springs,FL
321,Winter Park,FL
321,Winter Springs,FL
323,Bell,CA
323,Bell Gardens,CA
323,Cudahy,CA
323,East Los Angeles,CA
323,Florence-Graham,CA
323,Huntington Park,CA
323,Maywood,CA
323,Montebello,CA
323,South Gate,CA
323,West Hollywood,CA
323,Westmont,CA
325,Abilene,TX
325,San Angelo,TX
330,Akron,OH
330,Alliance,OH
330,Austintown,OH
330,Barberton,OH
330,Boardman,OH
330,Brunswick,OH
330,North Canton,OH
330,Cuyahoga Falls,OH
330,Green,OH
330,Hudson,OH
330,Kent,OH
330,Massillon,OH
330,Medina,OH
330,Niles,OH
330,Stow,OH
330,Warren,OH
330,Wooster,OH
330,Youngstown,OH
331,Addison,IL
331,North Aurora,IL
331,Bartlett,IL
331,Batavia,IL
331,Bensenville,IL
331,Bloomingdale,IL
331,Bolingbrook,IL
331,Carol Stream,IL
331,Darien,IL
331,Downers Grove,IL
331,Elmhurst,IL
331,Glen Ellyn,IL
331,Glendale Heights,IL
331,Hanover Park,IL
331,Lisle,IL
331,Lombard,IL
331,Naperville,IL
331,Roselle,IL
331,Saint Charles,IL
331,Streamwood,IL
331,Villa Park,IL
331,West Chicago,IL
331,Westmont,IL
331,Wheaton,IL
331,Woodridge,IL
334,Auburn,AL
334,Dothan,AL
334,Enterprise,AL
334,Montgomery,AL
334,Opelika,AL
334,Phenix City,AL
334,Prattville,AL
334,Selma,AL
336,Asheboro,NC
336,Burlington,NC
336,Greensboro,NC
336,High Point,NC
336,Winston-Salem,NC
337,Lafayette,LA
337,Lake Charles,LA
337,New Iberia,LA
337,Opelousas,LA
337,Sulphur,LA
339,Arlington,MA
339,Braintree,MA
339,Burlington,MA
339,Dedham,MA
339,Lexington,MA
339,Lynn,MA
339,Malden,MA
339,Marblehead,MA
339,Medford,MA
339,Melrose,MA
339,Needham,MA
339,Norwood,MA
339,Randolph,MA
339,Reading,MA
339,Revere,MA
339,Saugus,MA
339,Stoneham,MA
339,Wakefield,MA
339,Waltham,MA
339,Wellesley,MA
339,Weymouth,MA
339,Winchester,MA
339,Woburn,MA
346,Alvin,TX
346,Atascocita,TX
346,Baytown,TX
346,Channelview,TX
346,Cloverleaf,TX
346,Deer Park,TX
346,Friendswood,TX
346,South Houston,TX
346,La Porte,TX
346,League City,TX
346,Mission Bend,TX
346,Missouri City,TX
346,Pasadena,TX
346,Pearland,TX
346,Rosenberg,TX
346,Spring,TX
346,Sugar Land,TX
346,The Woodlands,TX
347,The Bronx,NY
347,Brooklyn,NY
347,New York City,NY
347,Borough of Queens,NY
347,Staten Island,NY
351,Beverly,MA
351,Chelmsford,MA
351,Danvers,MA
351,Fitchburg,MA
351,Gardner,MA
351,Gloucester,MA
351,Haverhill,MA
351,Lawrence,MA
351,Leominster,MA
351,Lowell,MA
351,Methuen,MA
351,South Peabody,MA
351,Salem,MA
351,Wilmington,MA
352,Gainesville,FL
352,Oakland Park,FL
352,Ocala,FL
352,Spring Hill,FL
360,Bellingham,WA
360,Bremerton,WA
360,Lacey,WA
360,Longview,WA
360,Marysville,WA
360,Mount Vernon,WA
360,Olympia,WA
360,Vancouver,WA
361,Corpus Christi,TX
361,Kingsville,TX
361,Victoria,TX
364,Bowling Green,KY
364,Elizabethtown,KY
364,Henderson,KY
364,Hopkinsville,KY
364,Owensboro,KY
364,Paducah,KY
364,Radcliff,KY
385,American Fork,UT
385,West Bountiful,UT
385,Clearfield,UT
385,Cottonwood Heights,UT
385,Draper,UT
385,East Millcreek,UT
385,Kaysville,UT
385,Kearns,UT
385,Layton,UT
385,Magna,UT
385,Midvale,UT
385,Millcreek,UT
385,Murray,UT
385,South Ogden,UT
385,Orem,UT
385,Pleasant Grove,UT
385,Provo,UT
385,Riverton,UT
385,Roy,UT
385,Salt Lake City,UT
385,Sandy City,UT
385,South Jordan,UT
385,South Salt Lake,UT
385,Spanish Fork,UT
385,Springville,UT
385,Taylorsville,UT
385,West Jordan,UT
385,West Valley City,UT
386,Daytona Beach,FL
386,DeLand,FL
386,Deltona,FL
386,New Smyrna Beach,FL
386,Ormond Beach,FL
386,Palm Coast,FL
386,Port Orange,FL
401,Bristol,RI
401,Cranston,RI
401,East Providence,RI
401,Newport East,RI
401,North Providence,RI
401,Pawtucket,RI
401,Providence,RI
401,West Warwick,RI
401,Woonsocket,RI
402,Bellevue,NE
402,Columbus,NE
402,Fremont,NE
402,Hastings,NE
402,Lincoln,NE
402,Norfolk,NE
402,Omaha,NE
404,Atlanta,GA
404,Candler-McAfee,GA
404,College Park,GA
404,East Point,GA
404,Forest Park,GA
404,Sandy Springs,GA
404,Tucker,GA
405,Bethany,OK
405,Del City,OK
405,Edmond,OK
405,Midwest City,OK
405,Moore,OK
405,Norman,OK
405,Oklahoma City,OK
405,Shawnee,OK
405,Stillwater,OK
405,Yukon,OK
406,Billings,MT
406,Bozeman,MT
406,Butte,MT
406,Great Falls,MT
406,Helena,MT
406,Missoula,MT
407,Altamonte Springs,FL
407,South Apopka,FL
407,Casselberry,FL
407,Kissimmee,FL
407,Oak Ridge,FL
407,Ocoee,FL
407,Orlando,FL
407,Oviedo,FL
407,Pine Hills,FL
407,Sanford,FL
407,Saint Cloud,FL
407,University Park,FL
407,Wekiwa Springs,FL
407,Winter Park,FL
407,Winter Springs,FL
408,Campbell,CA
408,Gilroy,CA
408,Los Gatos,CA
408,Milpitas,CA
408,Morgan Hill,CA
408,San Jose,CA
408,Santa Clara,CA
408,Saratoga,CA
408,Sunnyvale,CA
409,Beaumont,TX
409,Galveston,TX
409,Port Arthur,TX
409,Texas City,TX
410,Annapolis,MD
410,Arbutus,MD
410,Arnold,MD
410,Baltimore,MD
410,Bel Air North,MD
410,Bel Air South,MD
410,Carney,MD
410,Catonsville,MD
410,Columbia,MD
410,Crofton,MD
410,Dundalk,MD
410,Edgewood,MD
410,Eldersburg,MD
410,West Elkridge,MD
410,Ellicott City,MD
410,Essex,MD
410,Glen Burnie,MD
410,Lochearn,MD
410,Middle River,MD
410,Milford Mill,MD
410,Odenton,MD
410,Parkville,MD
410,Perry Hall,MD
410,Pikesville,MD
410,Randallstown,MD
410,Reisterstown,MD
410,Salisbury,MD
410,Severn,MD
410,Severna Park,MD
410,South Gate,MD
410,Towson,MD
412,Bethel Park,PA
412,McKeesport,PA
412,Mount Lebanon,PA
412,Monroeville,PA
412,Penn Hills,PA
412,Pittsburgh,PA
412,Plum,PA
412,Upper Saint Clair,PA
412,West Mifflin,PA
413,Agawam,MA
413,North Chicopee,MA
413,Holyoke,MA
413,Northampton,MA
413,Pittsfield,MA
413,West Springfield,MA
413,Westfield,MA
414,Franklin,WI
414,Greenfield,WI
414,South Milwaukee,WI
414,Oak Creek,WI
414,Wauwatosa,WI
414,West Allis,WI
415,Novato,CA
415,San Anselmo,CA
415,South San Francisco,CA
415,San Rafael,CA
417,Joplin,MO
417,Springfield,MO
419,Ashland,OH
419,Bowling Green,OH
419,Findlay,OH
419,Lima,OH
419,Mansfield,OH
419,Sandusky,OH
419,Toledo,OH
423,Bristol,TN
423,East Chattanooga,TN
423,South Cleveland,TN
423,East Ridge,TN
423,Johnson City,TN
423,Kingsport,TN
423,Morristown,TN
424,Beverly Hills,CA
424,West Carson,CA
424,Culver City,CA
424,Gardena,CA
424,Hawthorne,CA
424,Inglewood,CA
424,Lawndale,CA
424,Lennox,CA
424,Lomita,CA
424,Lynwood,CA
424,Manhattan Beach,CA
424,Rancho Palos Verdes,CA
424,Redondo Beach,CA
424,Santa Monica,CA
424,Torrance,CA
425,Bellevue,WA
425,Bothell,WA
425,Fairwood,WA
425,Cottage Lake,WA
425,Edmonds,WA
425,Everett,WA
425,Inglewood-Finn Hill,WA
425,Kirkland,WA
425,Lynnwood,WA
425,Mountlake Terrace,WA
425,North Creek,WA
425,Redmond,WA
425,Renton,WA
425,City of Sammamish,WA
432,Big Spring,TX
432,Midland,TX
432,West Odessa,TX
434,Charlottesville,VA
434,Danville,VA
434,West Lynchburg,VA
435,Cedar City,UT
435,North Logan,UT
435,Saint George,UT
435,Tooele,UT
440,Ashtabula,OH
440,Eastlake,OH
440,Elyria,OH
440,Lorain,OH
440,Mentor,OH
440,North Olmsted,OH
440,North Ridgeville,OH
440,North Royalton,OH
440,Parma,OH
440,Parma Heights,OH
440,Rocky River,OH
440,Solon,OH
440,Strongsville,OH
440,Westlake,OH
440,Willoughby,OH
442,La Quinta,CA
442,Oceanside,CA
442,Palm Desert,CA
442,Palm Springs,CA
442,Ridgecrest,CA
442,San Marcos,CA
442,Victorville,CA
442,Vista,CA
442,Apple Valley,CA
442,Barstow,CA
442,Brawley,CA
442,Calexico,CA
442,Carlsbad,CA
442,Cathedral City,CA
442,Coachella,CA
442,El Centro,CA
442,Encinitas,CA
442,Escondido,CA
442,Fallbrook,CA
442,Hesperia,CA
442,Indio,CA
443,Annapolis,MD
443,Arbutus,MD
443,Arnold,MD
443,Baltimore,MD
443,Bel Air North,MD
443,Bel Air South,MD
443,Carney,MD
443,Catonsville,MD
443,Columbia,MD
443,Crofton,MD
443,Dundalk,MD
443,Edgewood,MD
443,Eldersburg,MD
443,West Elkridge,MD
443,Ellicott City,MD
443,Essex,MD
443,Glen Burnie,MD
443,Lochearn,MD
443,Middle River,MD
443,Milford Mill,MD
443,Odenton,MD
443,Parkville,MD
443,Perry Hall,MD
443,Pikesville,MD
443,Randallstown,MD
443,Reisterstown,MD
443,Salisbury,MD
443,Severn,MD
443,Severna Park,MD
443,South Gate,MD
443,Towson,MD
458,Albany,OR
458,North Bend,OR
458,Corvallis,OR
458,Gresham,OR
458,Grants Pass,OR
458,Medford,OR
458,Roseburg North,OR
458,Springfield,OR
469,Allen,TX
469,Carrollton,TX
469,Cedar Hill,TX
469,Coppell,TX
469,Dallas,TX
469,DeSoto,TX
469,Duncanville,TX
469,Farmers Branch,TX
469,Flower Mound,TX
469,Frisco,TX
469,Garland,TX
469,Grand Prairie,TX
469,Irving,TX
469,Lancaster,TX
469,Lewisville,TX
469,McKinney,TX
469,Mesquite,TX
469,Plano,TX
469,Richardson,TX
469,Rowlett,TX
469,The Colony,TX
469,University Park,TX
469,Waxahachie,TX
478,Macon,GA
478,Warner Robins,GA
479,Fayetteville,AR
479,Fort Smith,AR
479,Rogers,AR
479,Russellville,AR
479,Springdale,AR
480,Apache Junction,AZ
480,Chandler,AZ
480,Fountain Hills,AZ
480,Gilbert,AZ
480,Mesa,AZ
480,Scottsdale,AZ
480,Tempe,AZ
484,Allentown,PA
484,Bethlehem,PA
484,West Chester,PA
484,Drexel Hill,PA
484,Easton,PA
484,Norristown,PA
484,Pottstown,PA
484,Radnor,PA
484,Reading,PA
484,Springfield,PA
501,Benton,AR
501,Conway,AR
501,Hot Springs,AR
501,Jacksonville,AR
501,North Little Rock,AR
501,Sherwood,AR
502,Frankfort,KY
502,Louisville,KY
503,Aloha,OR
503,Beaverton,OR
503,Gresham,OR
503,Hillsboro,OR
503,Keizer,OR
503,Lake Oswego,OR
503,McMinnville,OR
503,Milwaukie,OR
503,Oregon City,OR
503,Portland,OR
503,Salem,OR
503,Tigard,OR
503,Tualatin,OR
503,West Linn,OR
503,Woodburn,OR
504,Chalmette,LA
504,Harvey,LA
504,Kenner,LA
504,Marrero,LA
504,Metairie,LA
504,New Orleans,LA
504,Terrytown,LA
505,Albuquerque,NM
505,Farmington,NM
505,Gallup,NM
505,Rio Rancho,NM
505,Santa Fe,NM
505,South Valley,NM
507,Austin,MN
507,Faribault,MN
507,North Mankato,MN
507,Owatonna,MN
507,Rochester,MN
507,Winona,MN
508,Attleboro,MA
508,Barnstable,MA
508,Brockton,MA
508,Fall River,MA
508,Framingham,MA
508,Franklin,MA
508,Marlborough,MA
508,Milford,MA
508,New Bedford,MA
508,Taunton,MA
508,Worcester,MA
509,Kennewick,WA
509,Opportunity,WA
509,Pasco,WA
509,Pullman,WA
509,West Richland,WA
509,Spokane,WA
509,Walla Walla,WA
509,Wenatchee,WA
509,Yakima,WA
510,Alameda,CA
510,Berkeley,CA
510,Castro Valley,CA
510,El Cerrito,CA
510,Fremont,CA
510,Hayward,CA
510,Newark,CA
510,Oakland,CA
510,Richmond,CA
510,San Leandro,CA
510,San Lorenzo,CA
510,San Pablo,CA
510,Union City,CA
512,Austin,TX
512,Cedar Park,TX
512,Georgetown,TX
512,Round Rock,TX
512,San Marcos,TX
513,Cincinnati,OH
513,Fairfield,OH
513,Hamilton,OH
513,Mason,OH
513,Middletown,OH
513,Norwood,OH
513,Oxford,OH
515,Ames,IA
515,Ankeny,IA
515,West Des Moines,IA
515,Fort Dodge,IA
515,Urbandale,IA
516,Baldwin,NY
516,East Meadow,NY
516,Elmont,NY
516,Franklin Square,NY
516,Freeport,NY
516,Garden City,NY
516,Glen Cove,NY
516,West Hempstead,NY
516,Hicksville,NY
516,Levittown,NY
516,Long Beach,NY
516,North Massapequa,NY
516,North Merrick,NY
516,North Bellmore,NY
516,Oceanside,NY
516,Plainview,NY
516,Rockville Centre,NY
516,Uniondale,NY
516,Valley Stream,NY
517,Adrian,MI
517,Clinton,MI
517,East Lansing,MI
517,Jackson,MI
517,Lansing,MI
517,Okemos,MI
518,West Albany,NY
518,Rotterdam,NY
518,Saratoga Springs,NY
518,Schenectady,NY
518,Troy,NY
520,Casa Grande,AZ
520,Catalina Foothills,AZ
520,Drexel Heights,AZ
520,Nogales,AZ
520,Oro Valley,AZ
520,Sierra Vista,AZ
520,Tucson,AZ
530,Chico,CA
530,Davis,CA
530,Paradise,CA
530,Redding,CA
530,South Lake Tahoe,CA
530,Woodland,CA
530,Yuba City,CA
531,Bellevue,NE
531,Columbus,NE
531,Fremont,NE
531,Hastings,NE
531,Lincoln,NE
531,Norfolk,NE
531,Omaha,NE
539,Bartlesville,OK
539,Broken Arrow,OK
539,Muskogee,OK
539,Tulsa,OK
540,Blacksburg,VA
540,Cave Spring,VA
540,Harrisonburg,VA
540,Roanoke,VA
540,Salem,VA
540,Staunton,VA
540,Winchester,VA
541,Albany,OR
541,North Bend,OR
541,Corvallis,OR
541,Gresham,OR
541,Grants Pass,OR
541,Medford,OR
541,Roseburg North,OR
541,Springfield,OR
551,Bayonne,NJ
551,Bergenfield,NJ
551,Cliffside Park,NJ
551,Englewood,NJ
551,Fair Lawn,NJ
551,Fort Lee,NJ
551,Hackensack,NJ
551,Hoboken,NJ
551,Jersey City,NJ
551,Kearny,NJ
551,North Bergen,NJ
551,Paramus,NJ
551,Ridgewood,NJ
551,Teaneck,NJ
551,Union City,NJ
551,West New York,NJ
559,Clovis,CA
559,Fresno,CA
559,Hanford,CA
559,Madera,CA
559,Porterville,CA
559,Reedley,CA
559,Tulare,CA
559,Visalia,CA
561,Boca Del Mar,FL
561,Boca Raton,FL
561,Boynton Beach,FL
561,Delray Beach,FL
561,Jupiter,FL
561,Lake Worth,FL
561,Palm Beach Gardens,FL
561,Riviera Beach,FL
561,Royal Palm Beach,FL
561,University Park,FL
561,Wellington,FL
561,West Palm Beach,FL
562,Bellflower,CA
562,Cerritos,CA
562,Downey,CA
562,La Habra,CA
562,La Mirada,CA
562,Lakewood,CA
562,Long Beach,CA
562,Norwalk,CA
562,Paramount,CA
562,Pico Rivera,CA
562,Seal Beach,CA
562,South Whittier,CA
562,West Whittier-Los Nietos,CA
562,Whittier,CA
563,Bettendorf,IA
563,Clinton,IA
563,Davenport,IA
563,Dubuque,IA
563,Muscatine,IA
567,Ashland,OH
567,Bowling Green,OH
567,Findlay,OH
567,Lima,OH
567,Mansfield,OH
567,Sandusky,OH
567,Toledo,OH
570,Back Mountain,PA
570,Hazleton,PA
570,Scranton,PA
570,Wilkes-Barre,PA
570,Williamsport,PA
571,Alexandria,VA
571,Annandale,VA
571,Arlington,VA
571,Burke,VA
571,Centreville,VA
571,Chantilly,VA
571,Dale City,VA
571,Fairfax,VA
571,Franconia,VA
571,Groveton,VA
571,Herndon,VA
571,Lake Ridge,VA
571,Leesburg,VA
571,Manassas,VA
571,McLean,VA
571,Mount Vernon,VA
571,Oakton,VA
571,Reston,VA
571,West Springfield,VA
573,Cape Girardeau,MO
573,Columbia,MO
573,Jefferson City,MO
574,Elkhart,IN
574,Goshen,IN
574,Granger,IN
574,Mishawaka,IN
574,South Bend,IN
575,Alamogordo,NM
575,Carlsbad,NM
575,Clovis,NM
575,Hobbs,NM
575,Las Cruces,NM
575,Roswell,NM
580,Altus,OK
580,Ardmore,OK
580,Duncan,OK
580,Enid,OK
580,Lawton,OK
580,Ponca City,OK
585,Brighton,NY
585,Irondequoit,NY
585,Rochester,NY
586,Clinton,MI
586,Eastpointe,MI
586,Roseville,MI
586,Shelby,MI
586,Saint Clair Shores,MI
586,Sterling Heights,MI
586,Warren,MI
601,Clinton,MS
601,West Hattiesburg,MS
601,Jackson,MS
601,Meridian,MS
601,Pearl,MS
601,Ridgeland,MS
601,Vicksburg,MS
602,Phoenix,AZ
603,East Concord,NH
603,Derry,NH
603,Dover,NH
603,Keene,NH
603,Manchester,NH
603,Nashua,NH
603,Portsmouth,NH
603,Rochester,NH
605,Aberdeen,SD
605,Pierre,SD
605,Rapid City,SD
605,Sioux Falls,SD
605,Watertown,SD
606,Ashland,KY
607,Binghamton,NY
607,Elmira,NY
607,Ithaca,NY
608,Beloit,WI
608,Fitchburg,WI
608,Janesville,WI
608,North La Crosse,WI
608,Madison,WI
608,Sun Prairie,WI
609,Atlantic City,NJ
609,Ewing,NJ
609,Trenton,NJ
609,Willingboro,NJ
610,Allentown,PA
610,Bethlehem,PA
610,West Chester,PA
610,Drexel Hill,PA
610,Easton,PA
610,Norristown,PA
610,Pottstown,PA
610,Radnor,PA
610,Reading,PA
610,Springfield,PA
612,Crystal,MN
612,Golden Valley,MN
612,Minneapolis,MN
612,Richfield,MN
612,Saint Louis Park,MN
614,Columbus,OH
614,Dublin,OH
614,Gahanna,OH
614,Grove City,OH
614,Hilliard,OH
614,Reynoldsburg,OH
614,Upper Arlington,OH
614,Westerville,OH
615,Brentwood,TN
615,Franklin,TN
615,Gallatin,TN
615,Hendersonville,TN
615,Lebanon,TN
615,Murfreesboro,TN
615,Nashville,TN
615,Smyrna,TN
616,Forest Hills,MI
616,Grand Rapids,MI
616,Holland,MI
616,Kentwood,MI
616,Walker,MI
616,Wyoming,MI
617,Belmont,MA
617,South Boston,MA
617,Brookline,MA
617,Cambridge,MA
617,Chelsea,MA
617,Everett,MA
617,Milton,MA
617,Newton,MA
617,Quincy,MA
617,Somerville,MA
617,Watertown,MA
618,East Alton,IL
618,Belleville,IL
618,Carbondale,IL
618,Collinsville,IL
618,East Saint Louis,IL
618,Edwardsville,IL
618,Granite City,IL
618,O'Fallon,IL
619,Chula Vista,CA
619,Coronado,CA
619,El Cajon,CA
619,Imperial Beach,CA
619,La Mesa,CA
619,La Presa,CA
619,Lemon Grove,CA
619,National City,CA
619,Rancho San Diego,CA
619,San Diego,CA
619,Santee,CA
619,Spring Valley,CA
620,Dodge City,KS
620,Emporia,KS
620,Garden City,KS
620,Hutchinson,KS
623,Avondale,AZ
623,Glendale,AZ
623,Peoria,AZ
623,Sun City West,AZ
623,Surprise,AZ
626,Alhambra,CA
626,Altadena,CA
626,Arcadia,CA
626,Azusa,CA
626,Baldwin Park,CA
626,West Covina,CA
626,Duarte,CA
626,South El Monte,CA
626,Glendora,CA
626,Hacienda Heights,CA
626,La Puente,CA
626,Monrovia,CA
626,Monterey Park,CA
626,South Pasadena,CA
626,Rosemead,CA
626,Rowland Heights,CA
626,South San Gabriel,CA
626,South San Jose Hills,CA
626,Temple City,CA
626,Valinda,CA
626,Walnut,CA
626,West Puente Valley,CA
628,Novato,CA
628,San Anselmo,CA
628,South San Francisco,CA
628,San Rafael,CA
629,Brentwood,TN
629,Franklin,TN
629,Gallatin,TN
629,Hendersonville,TN
629,Lebanon,TN
629,Murfreesboro,TN
629,Nashville,TN
629,Smyrna,TN
630,Addison,IL
630,North Aurora,IL
630,Bartlett,IL
630,Batavia,IL
630,Bensenville,IL
630,Bloomingdale,IL
630,Bolingbrook,IL
630,Carol Stream,IL
630,Darien,IL
630,Downers Grove,IL
630,Elmhurst,IL
630,Glen Ellyn,IL
630,Glendale Heights,IL
630,Hanover Park,IL
630,Lisle,IL
630,Lombard,IL
630,Naperville,IL
630,Roselle,IL
630,Saint Charles,IL
630,Streamwood,IL
630,Villa Park,IL
630,West Chicago,IL
630,Westmont,IL
630,Wheaton,IL
630,Woodridge,IL
631,North Bay Shore,NY
631,Brentwood,NY
631,Centereach,NY
631,Central Islip,NY
631,Commack,NY
631,Copiague,NY
631,Coram,NY
631,Deer Park,NY
631,Dix Hills,NY
631,East Northport,NY
631,East Patchogue,NY
631,Hauppauge,NY
631,Holbrook,NY
631,Huntington Station,NY
631,West Islip,NY
631,North Lindenhurst,NY
631,Medford,NY
631,Ronkonkoma,NY
631,Selden,NY
631,Shirley,NY
631,Smithtown,NY
631,West Babylon,NY
636,Ballwin,MO
636,Chesterfield,MO
636,O'Fallon,MO
636,Saint Charles,MO
636,Saint Peters,MO
636,Wildwood,MO
641,Marshalltown,IA
641,Mason City,IA
641,Ottumwa,IA
646,New York City,NY
650,Belmont,CA
650,Burlingame,CA
650,Daly City,CA
650,East Palo Alto,CA
650,Foster City,CA
650,Los Altos,CA
650,Menlo Park,CA
650,Millbrae,CA
650,Mountain View,CA
650,Pacifica,CA
650,Palo Alto,CA
650,Redwood City,CA
650,San Bruno,CA
650,San Carlos,CA
650,San Mateo,CA
650,South San Francisco,CA
651,Apple Valley,MN
651,Cottage Grove,MN
651,Eagan,MN
651,Inver Grove Heights,MN
651,Lakeville,MN
651,Maplewood,MN
651,New Brighton,MN
651,Oakdale,MN
651,Roseville,MN
651,Shoreview,MN
651,South Saint Paul,MN
651,Saint Paul,MN
651,White Bear Lake,MN
651,Woodbury,MN
657,Anaheim,CA
657,Brea,CA
657,Buena Park,CA
657,Cypress,CA
657,Fountain Valley,CA
657,Fullerton,CA
657,Garden Grove,CA
657,Huntington Beach,CA
657,Orange,CA
657,Placentia,CA
657,Santa Ana,CA
657,Stanton,CA
657,North Tustin,CA
657,Westminster,CA
657,Yorba Linda,CA
660,Sedalia,MO
661,Bakersfield,CA
661,Delano,CA
661,Lancaster,CA
661,Oildale,CA
661,Palmdale,CA
661,Santa Clarita,CA
661,Wasco,CA
662,Clarksdale,MS
662,Columbus,MS
662,Greenville,MS
662,Olive Branch,MS
662,Southaven,MS
662,Starkville,MS
662,Tupelo,MS
667,Annapolis,MD
667,Arbutus,MD
667,Arnold,MD
667,Baltimore,MD
667,Bel Air North,MD
667,Bel Air South,MD
667,Carney,MD
667,Catonsville,MD
667,Columbia,MD
667,Crofton,MD
667,Dundalk,MD
667,Edgewood,MD
667,Eldersburg,MD
667,West Elkridge,MD
667,Ellicott City,MD
667,Essex,MD
667,Glen Burnie,MD
667,Lochearn,MD
667,Middle River,MD
667,Milford Mill,MD
667,Odenton,MD
667,Parkville,MD
667,Perry Hall,MD
667,Pikesville,MD
667,Randallstown,MD
667,Reisterstown,MD
667,Salisbury,MD
667,Severn,MD
667,Severna Park,MD
667,South Gate,MD
667,Towson,MD
669,Campbell,CA
669,Gilroy,CA
669,Los Gatos,CA
669,Milpitas,CA
669,Morgan Hill,CA
669,San Jose,CA
669,Santa Clara,CA
669,Saratoga,CA
669,Sunnyvale,CA
678,Alpharetta,GA
678,Atlanta,GA
678,Candler-McAfee,GA
678,College Park,GA
678,Douglasville,GA
678,Duluth,GA
678,Dunwoody,GA
678,East Point,GA
678,Forest Park,GA
678,Gainesville,GA
678,Griffin,GA
678,Kennesaw,GA
678,Lawrenceville,GA
678,Mableton,GA
678,Marietta,GA
678,Peachtree City,GA
678,Redan,GA
678,Roswell,GA
678,Sandy Springs,GA
678,Smyrna,GA
678,Tucker,GA
681,South Charleston,WV
681,Huntington,WV
681,Morgantown,WV
681,Parkersburg,WV
681,Weirton,WV
681,Wheeling,WV
682,Arlington,TX
682,Bedford,TX
682,Benbrook,TX
682,Burleson,TX
682,Cleburne,TX
682,Euless,TX
682,Fort Worth,TX
682,Grapevine,TX
682,Haltom City,TX
682,Hurst,TX
682,Keller,TX
682,Mansfield,TX
682,North Richland Hills,TX
682,Southlake,TX
682,Watauga,TX
701,Bismarck,ND
701,West Fargo,ND
701,Grand Forks,ND
701,Minot,ND
702,Henderson,NV
702,North Las Vegas,NV
702,Paradise,NV
702,Spring Valley,NV
702,Sunrise Manor,NV
702,Winchester,NV
703,Alexandria,VA
703,Annandale,VA
703,Arlington,VA
703,Burke,VA
703,Centreville,VA
703,Chantilly,VA
703,Dale City,VA
703,Fairfax,VA
703,Franconia,VA
703,Groveton,VA
703,Herndon,VA
703,Lake Ridge,VA
703,Leesburg,VA
703,Manassas,VA
703,McLean,VA
703,Mount Vernon,VA
703,Oakton,VA
703,Reston,VA
703,West Springfield,VA
704,Charlotte,NC
704,Concord,NC
704,South Gastonia,NC
704,Huntersville,NC
704,Kannapolis,NC
704,Matthews,NC
704,Monroe,NC
704,Salisbury,NC
704,Statesville,NC
706,Athens,GA
706,Augusta,GA
706,Columbus,GA
706,Dalton,GA
706,La Grange,GA
706,Martinez,GA
706,Rome,GA
707,Benicia,CA
707,Eureka,CA
707,Fairfield,CA
707,Napa,CA
707,Petaluma,CA
707,Rohnert Park,CA
707,Santa Rosa,CA
707,Suisun,CA
707,Vacaville,CA
707,Vallejo,CA
707,Windsor,CA
708,Bellwood,IL
708,Berwyn,IL
708,Blue Island,IL
708,Burbank,IL
708,Calumet City,IL
708,Chicago Heights,IL
708,Cicero,IL
708,Dolton,IL
708,Elmwood Park,IL
708,Evergreen Park,IL
708,Harvey,IL
708,Lansing,IL
708,Maywood,IL
708,Melrose Park,IL
708,Oak Forest,IL
708,Oak Lawn,IL
708,Oak Park,IL
708,Orland Park,IL
708,Park Forest,IL
708,South Holland,IL
708,Tinley Park,IL
712,Council Bluffs,IA
712,Sioux City,IA
713,Alvin,TX
713,Atascocita,TX
713,Baytown,TX
713,Channelview,TX
713,Cloverleaf,TX
713,Deer Park,TX
713,Friendswood,TX
713,South Houston,TX
713,La Porte,TX
713,League City,TX
713,Mission Bend,TX
713,Missouri City,TX
713,Pasadena,TX
713,Pearland,TX
713,Rosenberg,TX
713,Spring,TX
713,Sugar Land,TX
713,The Woodlands,TX
714,Anaheim,CA
714,Brea,CA
714,Buena Park,CA
714,Cypress,CA
714,Fountain Valley,CA
714,Fullerton,CA
714,Garden Grove,CA
714,Huntington Beach,CA
714,Orange,CA
714,Placentia,CA
714,Santa Ana,CA
714,Stanton,CA
714,North Tustin,CA
714,Westminster,CA
714,Yorba Linda,CA
715,Eau Claire,WI
715,Stevens Point,WI
715,Superior,WI
715,Wausau,WI
716,Buffalo,NY
716,Cheektowaga,NY
716,Jamestown,NY
716,South Lockport,NY
716,Niagara Falls,NY
716,North Tonawanda,NY
716,Tonawanda,NY
716,West Seneca,NY
717,Harrisburg,PA
717,Lancaster,PA
717,Lebanon,PA
717,York,PA
718,The Bronx,NY
718,Brooklyn,NY
718,New York City,NY
718,Borough of Queens,NY
718,Staten Island,NY
719,Colorado Springs,CO
719,Pueblo West,CO
719,Security-Widefield,CO
720,Arvada,CO
720,Aurora,CO
720,Boulder,CO
720,Brighton,CO
720,Broomfield,CO
720,Castle Rock,CO
720,Castlewood,CO
720,Columbine,CO
720,Commerce City,CO
720,Denver,CO
720,Englewood,CO
720,Highlands Ranch,CO
720,Ken Caryl,CO
720,Lafayette,CO
720,Lakewood,CO
720,Littleton,CO
720,Longmont,CO
720,Loveland,CO
720,Northglenn,CO
720,Parker,CO
720,Southglenn,CO
720,Thornton,CO
720,Westminster,CO
720,Wheat Ridge,CO
724,Monroeville,PA
724,New Castle,PA
724,Plum,PA
724,Upper Saint Clair,PA
725,Henderson,NV
725,North Las Vegas,NV
725,Paradise,NV
725,Spring Valley,NV
725,Sunrise Manor,NV
725,Winchester,NV
727,Bayonet Point,FL
727,Clearwater,FL
727,Dunedin,FL
727,Holiday,FL
727,Largo,FL
727,Lealman,FL
727,Palm Harbor,FL
727,Pinellas Park,FL
727,Saint Petersburg,FL
727,Tarpon Springs,FL
731,Jackson,TN
732,Carteret,NJ
732,East Brunswick,NJ
732,Edison,NJ
732,Lakewood,NJ
732,West Long Branch,NJ
732,New Brunswick,NJ
732,North Plainfield,NJ
732,South Old Bridge,NJ
732,Perth Amboy,NJ
732,Rahway,NJ
732,Sayreville,NJ
732,Somerset,NJ
732,Toms River,NJ
734,Ann Arbor,MI
734,Canton,MI
734,Garden City,MI
734,Livonia,MI
734,South Monroe,MI
734,Plymouth,MI
734,Romulus,MI
734,Southgate,MI
734,Westland,MI
734,Wyandotte,MI
734,Ypsilanti,MI
737,Austin,TX
737,Cedar Park,TX
737,Georgetown,TX
737,Round Rock,TX
737,San Marcos,TX
740,Athens,OH
740,Chillicothe,OH
740,Delaware,OH
740,Lancaster,OH
740,Marion,OH
740,Newark,OH
740,Portsmouth,OH
740,Zanesville,OH
743,Asheboro,NC
743,Burlington,NC
743,Greensboro,NC
743,High Point,NC
743,Winston-Salem,NC
747,Agoura Hills,CA
747,Burbank,CA
747,Calabasas,CA
747,North Glendale,CA
747,La Ca√±ada Flintridge,CA
747,San Fernando,CA
754,Coconut Creek,FL
754,Cooper City,FL
754,Coral Springs,FL
754,Dania Beach,FL
754,Davie,FL
754,Deerfield Beach,FL
754,Fort Lauderdale,FL
754,Hallandale Beach,FL
754,Hollywood,FL
754,Lauderdale Lakes,FL
754,Lauderhill,FL
754,Margate,FL
754,North Lauderdale,FL
754,Pembroke Pines,FL
754,Plantation,FL
754,Pompano Beach,FL
754,Sunrise,FL
754,Tamarac,FL
754,Weston,FL
757,Chesapeake,VA
757,Hampton,VA
757,Newport News,VA
757,Norfolk,VA
757,Portsmouth,VA
757,Suffolk,VA
757,Virginia Beach,VA
760,Apple Valley,CA
760,Barstow,CA
760,Brawley,CA
760,Calexico,CA
760,Carlsbad,CA
760,Cathedral City,CA
760,Coachella,CA
760,El Centro,CA
760,Encinitas,CA
760,Escondido,CA
760,Fallbrook,CA
760,Hesperia,CA
760,Indio,CA
760,La Quinta,CA
760,Oceanside,CA
760,Palm Desert,CA
760,Palm Springs,CA
760,Ridgecrest,CA
760,San Marcos,CA
760,Victorville,CA
760,Vista,CA
762,Athens,GA
762,Augusta,GA
762,Columbus,GA
762,Dalton,GA
762,La Grange,GA
762,Martinez,GA
762,Rome,GA
763,Blaine,MN
763,Brooklyn Center,MN
763,Brooklyn Park,MN
763,Champlin,MN
763,West Coon Rapids,MN
763,Fridley,MN
763,Maple Grove,MN
763,New Hope,MN
763,Plymouth,MN
765,Anderson,IN
765,Kokomo,IN
765,West Lafayette,IN
765,Marion,IN
765,Muncie,IN
765,Richmond,IN
769,Clinton,MS
769,West Hattiesburg,MS
769,Jackson,MS
769,Meridian,MS
769,Pearl,MS
769,Ridgeland,MS
769,Vicksburg,MS
770,Alpharetta,GA
770,Atlanta,GA
770,College Park,GA
770,Douglasville,GA
770,Duluth,GA
770,Dunwoody,GA
770,Forest Park,GA
770,Gainesville,GA
770,Griffin,GA
770,Kennesaw,GA
770,Lawrenceville,GA
770,Mableton,GA
770,Marietta,GA
770,Peachtree City,GA
770,Redan,GA
770,Roswell,GA
770,Sandy Springs,GA
770,Smyrna,GA
770,Tucker,GA
772,Fort Pierce South,FL
772,Palm City,FL
772,Port Saint Lucie,FL
772,Vero Beach South,FL
773,West Chicago,IL
774,Attleboro,MA
774,Barnstable,MA
774,Brockton,MA
774,Fall River,MA
774,Framingham,MA
774,Franklin,MA
774,Marlborough,MA
774,Milford,MA
774,New Bedford,MA
774,Taunton,MA
774,Worcester,MA
775,Carson City,NV
775,Pahrump,NV
775,Reno,NV
775,Sparks,NV
779,Belvidere,IL
779,Crystal Lake,IL
779,DeKalb,IL
779,Freeport,IL
779,Joliet,IL
779,Kankakee,IL
779,Loves Park,IL
779,Machesney Park,IL
779,McHenry,IL
779,Rockford,IL
779,Romeoville,IL
779,Woodstock,IL
781,Arlington,MA
781,Braintree,MA
781,Burlington,MA
781,Dedham,MA
781,Lexington,MA
781,Lynn,MA
781,Malden,MA
781,Marblehead,MA
781,Medford,MA
781,Melrose,MA
781,Needham,MA
781,Norwood,MA
781,Randolph,MA
781,Reading,MA
781,Revere,MA
781,Saugus,MA
781,Stoneham,MA
781,Wakefield,MA
781,Waltham,MA
781,Wellesley,MA
781,Weymouth,MA
781,Winchester,MA
781,Woburn,MA
785,Hays,KS
785,Lawrence,KS
785,Manhattan,KS
785,Salina,KS
785,Topeka,KS
786,Aventura,FL
786,Carol City,FL
786,Coral Gables,FL
786,Coral Terrace,FL
786,Country Club,FL
786,Cutler Ridge,FL
786,Doral,FL
786,Golden Glades,FL
786,Hialeah,FL
786,Homestead,FL
786,Kendale Lakes,FL
786,Kendall West,FL
786,Key West,FL
786,Leisure City,FL
786,West Miami,FL
786,North Miami Beach,FL
786,Miami Lakes,FL
786,Miramar,FL
786,Norland,FL
786,North Miami,FL
786,Richmond West,FL
786,Richmond Heights,FL
786,South Miami Heights,FL
786,Tamiami,FL
786,West Little River,FL
786,Westchester,FL
801,American Fork,UT
801,West Bountiful,UT
801,Clearfield,UT
801,Cottonwood Heights,UT
801,Draper,UT
801,East Millcreek,UT
801,Kaysville,UT
801,Kearns,UT
801,Layton,UT
801,Magna,UT
801,Midvale,UT
801,Millcreek,UT
801,Murray,UT
801,South Ogden,UT
801,Orem,UT
801,Pleasant Grove,UT
801,Provo,UT
801,Riverton,UT
801,Roy,UT
801,Salt Lake City,UT
801,Sandy City,UT
801,South Jordan,UT
801,South Salt Lake,UT
801,Spanish Fork,UT
801,Springville,UT
801,Taylorsville,UT
801,West Jordan,UT
801,West Valley City,UT
802,South Burlington,VT
802,Montpelier,VT
803,Aiken,SC
803,West Columbia,SC
803,Rock Hill,SC
803,Saint Andrews,SC
803,Sumter,SC
804,Hopewell,VA
804,Mechanicsville,VA
804,Petersburg,VA
804,Richmond,VA
804,Tuckahoe,VA
805,Atascadero,CA
805,Camarillo,CA
805,Paso Robles,CA
805,Goleta,CA
805,Lompoc,CA
805,Moorpark,CA
805,Orcutt,CA
805,Oxnard,CA
805,Port Hueneme,CA
805,Ventura,CA
805,San Luis Obispo,CA
805,Santa Barbara,CA
805,Santa Maria,CA
805,Santa Paula,CA
805,Simi Valley,CA
805,Thousand Oaks,CA
806,Amarillo,TX
806,Lubbock,TX
806,Plainview,TX
808,Hilo,HI
808,Honolulu,HI
808,Kahului,HI
808,Kailua-Kona,HI
808,KƒÅne‚Äòohe,HI
808,Mililani Town,HI
808,Pearl City,HI
808,Waimalu,HI
808,Waipahu,HI
810,Burton,MI
810,Flint,MI
810,Port Huron,MI
812,Bloomington,IN
812,Clarksville,IN
812,Columbus,IN
812,Evansville,IN
812,Jeffersonville,IN
812,New Albany,IN
812,Terre Haute,IN
813,Brandon,FL
813,Citrus Park,FL
813,Greater Northdale,FL
813,Lake Magdalene,FL
813,Land O' Lakes,FL
813,Plant City,FL
813,Tampa,FL
813,Temple Terrace,FL
813,Town 'n' Country,FL
814,Altoona,PA
814,Erie,PA
814,Johnstown,PA
814,State College,PA
815,Belvidere,IL
815,Crystal Lake,IL
815,DeKalb,IL
815,Freeport,IL
815,Joliet,IL
815,Kankakee,IL
815,Loves Park,IL
815,Machesney Park,IL
815,McHenry,IL
815,Rockford,IL
815,Romeoville,IL
815,Woodstock,IL
816,Belton,MO
816,Blue Springs,MO
816,Gladstone,MO
816,Grandview,MO
816,Independence,MO
816,Kansas City,MO
816,Lee's Summit,MO
816,Liberty,MO
816,Raytown,MO
816,Saint Joseph,MO
817,Arlington,TX
817,Bedford,TX
817,Benbrook,TX
817,Burleson,TX
817,Cleburne,TX
817,Euless,TX
817,Fort Worth,TX
817,Grapevine,TX
817,Haltom City,TX
817,Hurst,TX
817,Keller,TX
817,Mansfield,TX
817,North Richland Hills,TX
817,Southlake,TX
817,Watauga,TX
818,Agoura Hills,CA
818,Burbank,CA
818,Calabasas,CA
818,North Glendale,CA
818,La Ca√±ada Flintridge,CA
818,San Fernando,CA
828,Asheville,NC
828,Hickory,NC
830,Del Rio,TX
830,Eagle Pass,TX
830,Kerrville,TX
830,New Braunfels,TX
830,Seguin,TX
831,Hollister,CA
831,Marina,CA
831,Monterey,CA
831,Salinas,CA
831,Santa Cruz,CA
831,Seaside,CA
831,Watsonville,CA
832,Alvin,TX
832,Atascocita,TX
832,Baytown,TX
832,Channelview,TX
832,Cloverleaf,TX
832,Deer Park,TX
832,Friendswood,TX
832,South Houston,TX
832,La Porte,TX
832,League City,TX
832,Mission Bend,TX
832,Missouri City,TX
832,Pasadena,TX
832,Pearland,TX
832,Rosenberg,TX
832,Spring,TX
832,Sugar Land,TX
832,The Woodlands,TX
843,North Charleston,SC
843,Florence,SC
843,Goose Creek,SC
843,Hilton Head Island,SC
843,Mount Pleasant,SC
843,North Myrtle Beach,SC
843,Summerville,SC
845,Kingston,NY
845,Middletown,NY
845,New City,NY
845,Newburgh,NY
845,Poughkeepsie,NY
845,Spring Valley,NY
847,Algonquin,IL
847,Arlington Heights,IL
847,Buffalo Grove,IL
847,Carpentersville,IL
847,Des Plaines,IL
847,South Elgin,IL
847,Elk Grove Village,IL
847,Evanston,IL
847,Glenview,IL
847,Gurnee,IL
847,Highland Park,IL
847,Hoffman Estates,IL
847,Lake Forest,IL
847,Lake in the Hills,IL
847,Libertyville,IL
847,Morton Grove,IL
847,Mount Prospect,IL
847,Mundelein,IL
847,Niles,IL
847,North Chicago,IL
847,Northbrook,IL
847,Palatine,IL
847,Park Ridge,IL
847,Rolling Meadows,IL
847,Round Lake Beach,IL
847,Schaumburg,IL
847,Skokie,IL
847,Vernon Hills,IL
847,Waukegan,IL
847,Wheeling,IL
847,Wilmette,IL
847,Zion,IL
848,Carteret,NJ
848,East Brunswick,NJ
848,Edison,NJ
848,Lakewood,NJ
848,West Long Branch,NJ
848,New Brunswick,NJ
848,North Plainfield,NJ
848,South Old Bridge,NJ
848,Perth Amboy,NJ
848,Rahway,NJ
848,Sayreville,NJ
848,Somerset,NJ
848,Toms River,NJ
850,Bellview,FL
850,Brent,FL
850,Ferry Pass,FL
850,Fort Walton Beach,FL
850,Panama City,FL
850,West Pensacola,FL
850,Tallahassee,FL
850,Wright,FL
856,Bridgeton,NJ
856,Camden,NJ
856,Cherry Hill,NJ
856,Millville,NJ
856,Pennsauken,NJ
856,Vineland,NJ
856,Willingboro,NJ
857,Belmont,MA
857,South Boston,MA
857,Brookline,MA
857,Cambridge,MA
857,Chelsea,MA
857,Everett,MA
857,Milton,MA
857,Newton,MA
857,Quincy,MA
857,Somerville,MA
857,Watertown,MA
858,Poway,CA
859,Covington,KY
859,Florence,KY
859,Lexington,KY
859,Richmond,KY
860,Bristol,CT
860,Manchester,CT
860,East Hartford,CT
860,West Hartford,CT
860,Middletown,CT
860,New Britain,CT
860,New London,CT
860,Newington,CT
860,Norwich,CT
860,West Torrington,CT
860,Wethersfield,CT
862,Belleville,NJ
862,Bloomfield,NJ
862,Clifton,NJ
862,East Orange,NJ
862,Garfield,NJ
862,Hillside,NJ
862,Irvington,NJ
862,Kearny,NJ
862,Livingston,NJ
862,Lodi,NJ
862,Maplewood,NJ
862,Montclair,NJ
862,Morristown,NJ
862,Newark,NJ
862,Nutley,NJ
862,West Orange,NJ
862,Passaic,NJ
862,Paterson,NJ
862,Wayne,NJ
862,West Milford,NJ
863,Lakeland,FL
863,Winter Haven,FL
864,Anderson,SC
864,Greenville,SC
864,Greenwood,SC
864,Spartanburg,SC
864,Taylors,SC
864,Wade Hampton,SC
865,Knoxville,TN
865,Maryville,TN
865,Oak Ridge,TN
870,El Dorado,AR
870,Jonesboro,AR
870,Paragould,AR
870,Pine Bluff,AR
870,Texarkana,AR
870,West Memphis,AR
878,Bethel Park,PA
878,McKeesport,PA
878,Mount Lebanon,PA
878,Monroeville,PA
878,New Castle,PA
878,Penn Hills,PA
878,Pittsburgh,PA
878,Plum,PA
878,Upper Saint Clair,PA
878,West Mifflin,PA
901,Bartlett,TN
901,Collierville,TN
901,Germantown,TN
901,Memphis,TN
903,Corsicana,TX
903,Denison,TX
903,Greenville,TX
903,Longview,TX
903,Marshall,TX
903,Paris,TX
903,Sherman,TX
903,Texarkana,TX
903,Tyler,TX
904,Jacksonville,FL
904,Jacksonville Beach,FL
904,Lakeside,FL
907,Anchorage,AK
907,College,AK
907,Fairbanks,AK
907,Juneau,AK
907,Ketchikan,AK
907,Sitka,AK
908,Cranford,NJ
908,Elizabeth,NJ
908,Hillside,NJ
908,Linden,NJ
908,South Plainfield,NJ
908,Roselle,NJ
908,Scotch Plains,NJ
908,Summit,NJ
908,Union City,NJ
908,Westfield,NJ
909,Chino,CA
909,Chino Hills,CA
909,Claremont,CA
909,Colton,CA
909,Diamond Bar,CA
909,Fontana,CA
909,Highland,CA
909,La Verne,CA
909,Montclair,CA
909,Ontario,CA
909,Pomona,CA
909,Rancho Cucamonga,CA
909,Redlands,CA
909,Rialto,CA
909,San Bernardino,CA
909,San Dimas,CA
909,Upland,CA
909,Yucaipa,CA
910,Fayetteville,NC
910,Fort Bragg,NC
910,Jacksonville,NC
910,Lumberton,NC
910,Wilmington,NC
912,Hinesville,GA
912,Savannah,GA
912,Statesboro,GA
913,Kansas City,KS
913,Leavenworth,KS
913,Leawood,KS
913,Lenexa,KS
913,Olathe,KS
913,Overland Park,KS
913,Prairie Village,KS
913,Shawnee,KS
914,Harrison,NY
914,Mount Vernon,NY
914,New Rochelle,NY
914,Ossining,NY
914,Peekskill,NY
914,Port Chester,NY
914,White Plains,NY
914,Yonkers,NY
915,El Paso,TX
915,Socorro,TX
916,Arden-Arcade,CA
916,Carmichael,CA
916,Citrus Heights,CA
916,Elk Grove,CA
916,North Fair Oaks,CA
916,Florin,CA
916,Folsom,CA
916,La Riviera,CA
916,Laguna,CA
916,North Highlands,CA
916,Orangevale,CA
916,Rancho Cordova,CA
916,Rocklin,CA
916,Rosemont,CA
916,Roseville,CA
916,West Sacramento,CA
917,The Bronx,NY
917,Brooklyn,NY
917,New York City,NY
917,Borough of Queens,NY
917,Staten Island,NY
918,Bartlesville,OK
918,Broken Arrow,OK
918,Muskogee,OK
918,Tulsa,OK
919,Apex,NC
919,Cary,NC
919,Chapel Hill,NC
919,Durham,NC
919,Goldsboro,NC
919,West Raleigh,NC
919,Sanford,NC
920,Appleton,WI
920,De Pere,WI
920,North Fond du Lac,WI
920,Green Bay,WI
920,Manitowoc,WI
920,Neenah,WI
920,Oshkosh,WI
920,Sheboygan,WI
920,Watertown,WI
925,Antioch,CA
925,Bay Point,CA
925,Brentwood,CA
925,Concord,CA
925,Danville,CA
925,Dublin,CA
925,Lafayette,CA
925,Livermore,CA
925,Martinez,CA
925,Oakley,CA
925,Pittsburg,CA
925,Pleasant Hill,CA
925,Pleasanton,CA
925,San Ramon,CA
925,Walnut Creek,CA
928,Bullhead City,AZ
928,Flagstaff,AZ
928,Fortuna Foothills,AZ
928,Kingman,AZ
928,Lake Havasu City,AZ
928,Prescott,AZ
928,Prescott Valley,AZ
928,Yuma,AZ
929,The Bronx,NY
929,Brooklyn,NY
929,New York City,NY
929,Borough of Queens,NY
929,Staten Island,NY
930,Bloomington,IN
930,Clarksville,IN
930,Columbus,IN
930,Evansville,IN
930,Jeffersonville,IN
930,New Albany,IN
930,Terre Haute,IN
931,Clarksville,TN
931,Columbia,TN
931,Cookeville,TN
936,Conroe,TX
936,Huntsville,TX
936,Lufkin,TX
936,Nacogdoches,TX
937,Beavercreek,OH
937,Centerville,OH
937,Dayton,OH
937,Fairborn,OH
937,Huber Heights,OH
937,Kettering,OH
937,Piqua,OH
937,Riverside,OH
937,Sidney,OH
937,Springfield,OH
937,Trotwood,OH
937,Troy,OH
937,Xenia,OH
940,Denton,TX
940,Lewisville,TX
940,Wichita Falls,TX
941,South Bradenton,FL
941,North Port,FL
941,Port Charlotte,FL
941,Punta Gorda,FL
941,Sarasota,FL
947,West Bloomfield Township,MI
947,Farmington Hills,MI
947,Ferndale,MI
947,Madison Heights,MI
947,Novi,MI
947,Oak Park,MI
947,Pontiac,MI
947,Rochester Hills,MI
947,Royal Oak,MI
947,Southfield,MI
947,Troy,MI
947,Waterford,MI
949,Aliso Viejo,CA
949,Costa Mesa,CA
949,Dana Point,CA
949,Irvine,CA
949,Laguna Beach,CA
949,Laguna Hills,CA
949,Laguna Niguel,CA
949,Lake Forest,CA
949,Mission Viejo,CA
949,Newport Beach,CA
949,Rancho Santa Margarita,CA
949,San Clemente,CA
949,San Juan Capistrano,CA
951,Banning,CA
951,Corona,CA
951,Hemet,CA
951,Moreno Valley,CA
951,Murrieta,CA
951,Norco,CA
951,Perris,CA
951,Riverside,CA
951,Rubidoux,CA
951,Temecula,CA
952,Bloomington,MN
952,Burnsville,MN
952,Chanhassen,MN
952,Eden Prairie,MN
952,Edina,MN
952,Minnetonka,MN
952,Savage,MN
952,Shakopee,MN
954,Coconut Creek,FL
954,Cooper City,FL
954,Coral Springs,FL
954,Dania Beach,FL
954,Davie,FL
954,Deerfield Beach,FL
954,Fort Lauderdale,FL
954,Hallandale Beach,FL
954,Hollywood,FL
954,Lauderdale Lakes,FL
954,Lauderhill,FL
954,Margate,FL
954,North Lauderdale,FL
954,Pembroke Pines,FL
954,Plantation,FL
954,Pompano Beach,FL
954,Sunrise,FL
954,Tamarac,FL
954,Weston,FL
956,Brownsville,TX
956,Edinburg,TX
956,Harlingen,TX
956,Laredo,TX
956,McAllen,TX
956,Mission,TX
956,Pharr,TX
956,San Benito,TX
956,San Juan,TX
956,Weslaco,TX
959,Bristol,CT
959,Manchester,CT
959,East Hartford,CT
959,West Hartford,CT
959,Middletown,CT
959,New Britain,CT
959,New London,CT
959,Newington,CT
959,Norwich,CT
959,West Torrington,CT
959,Wethersfield,CT
970,Fort Collins,CO
970,Grand Junction,CO
970,Greeley,CO
970,Loveland,CO
971,Aloha,OR
971,Beaverton,OR
971,Gresham,OR
971,Hillsboro,OR
971,Keizer,OR
971,Lake Oswego,OR
971,McMinnville,OR
971,Milwaukie,OR
971,Oregon City,OR
971,Portland,OR
971,Salem,OR
971,Tigard,OR
971,Tualatin,OR
971,West Linn,OR
971,Woodburn,OR
972,Allen,TX
972,Carrollton,TX
972,Cedar Hill,TX
972,Coppell,TX
972,Dallas,TX
972,DeSoto,TX
972,Duncanville,TX
972,Farmers Branch,TX
972,Flower Mound,TX
972,Frisco,TX
972,Garland,TX
972,Grand Prairie,TX
972,Irving,TX
972,Lancaster,TX
972,Lewisville,TX
972,McKinney,TX
972,Mesquite,TX
972,Plano,TX
972,Richardson,TX
972,Rowlett,TX
972,The Colony,TX
972,University Park,TX
972,Waxahachie,TX
973,Belleville,NJ
973,Bloomfield,NJ
973,Clifton,NJ
973,East Orange,NJ
973,Garfield,NJ
973,Irvington,NJ
973,Livingston,NJ
973,Lodi,NJ
973,Maplewood,NJ
973,Montclair,NJ
973,Morristown,NJ
973,Newark,NJ
973,Nutley,NJ
973,West Orange,NJ
973,Passaic,NJ
973,Paterson,NJ
973,Wayne,NJ
973,West Milford,NJ
978,Beverly,MA
978,Chelmsford,MA
978,Danvers,MA
978,Fitchburg,MA
978,Gardner,MA
978,Gloucester,MA
978,Haverhill,MA
978,Lawrence,MA
978,Leominster,MA
978,Lowell,MA
978,Methuen,MA
978,South Peabody,MA
978,Salem,MA
978,Wilmington,MA
979,Bryan,TX
979,College Station,TX
979,Lake Jackson,TX
980,Charlotte,NC
980,Concord,NC
980,South Gastonia,NC
980,Huntersville,NC
980,Kannapolis,NC
980,Matthews,NC
980,Monroe,NC
980,Salisbury,NC
980,Statesville,NC
984,Apex,NC
984,Cary,NC
984,Chapel Hill,NC
984,Durham,NC
984,Goldsboro,NC
984,West Raleigh,NC
984,Sanford,NC
985,Houma,LA
985,Laplace,LA
985,Slidell,LA
989,Bay City,MI
989,Midland,MI
989,Mount Pleasant,MI
989,Saginaw,MI
854,North Charleston,SC
854,Florence,SC
854,Goose Creek,SC
854,Hilton Head Island,SC
854,Mount Pleasant,SC
854,North Myrtle Beach,SC
854,Summerville,SC
